code,code_suffix,market,index
000001,000001.SZ,SZ,hs300
000002,000002.SZ,SZ,hs300
000009,000009.SZ,SZ,zz500
000012,000012.SZ,SZ,zz1000
000021,000021.SZ,SZ,zz500
000027,000027.SZ,SZ,zz500
000028,000028.SZ,SZ,zz1000
000029,000029.SZ,SZ,zz1000
000030,000030.SZ,SZ,zz1000
000032,000032.SZ,SZ,zz500
000034,000034.SZ,SZ,zz500
000035,000035.SZ,SZ,zz1000
000039,000039.SZ,SZ,zz500
000048,000048.SZ,SZ,zz1000
000049,000049.SZ,SZ,zz1000
000050,000050.SZ,SZ,zz500
000058,000058.SZ,SZ,zz1000
000059,000059.SZ,SZ,zz1000
000060,000060.SZ,SZ,zz500
000061,000061.SZ,SZ,zz1000
000062,000062.SZ,SZ,zz500
000063,000063.SZ,SZ,hs300
000065,000065.SZ,SZ,zz1000
000088,000088.SZ,SZ,zz500
000089,000089.SZ,SZ,zz1000
000099,000099.SZ,SZ,zz1000
000100,000100.SZ,SZ,hs300
000155,000155.SZ,SZ,zz500
000156,000156.SZ,SZ,zz1000
000157,000157.SZ,SZ,hs300
000166,000166.SZ,SZ,hs300
000301,000301.SZ,SZ,hs300
000333,000333.SZ,SZ,hs300
000338,000338.SZ,SZ,hs300
000400,000400.SZ,SZ,zz500
000403,000403.SZ,SZ,zz1000
000408,000408.SZ,SZ,hs300
000415,000415.SZ,SZ,zz500
000420,000420.SZ,SZ,zz1000
000422,000422.SZ,SZ,zz1000
000423,000423.SZ,SZ,zz500
000425,000425.SZ,SZ,hs300
000429,000429.SZ,SZ,zz500
000498,000498.SZ,SZ,zz1000
000503,000503.SZ,SZ,zz1000
000506,000506.SZ,SZ,zz1000
000513,000513.SZ,SZ,zz500
000519,000519.SZ,SZ,zz500
000528,000528.SZ,SZ,zz500
000534,000534.SZ,SZ,zz1000
000537,000537.SZ,SZ,zz500
000538,000538.SZ,SZ,hs300
000539,000539.SZ,SZ,zz500
000543,000543.SZ,SZ,zz1000
000550,000550.SZ,SZ,zz1000
000552,000552.SZ,SZ,zz1000
000555,000555.SZ,SZ,zz1000
000559,000559.SZ,SZ,zz500
000563,000563.SZ,SZ,zz1000
000567,000567.SZ,SZ,zz1000
000568,000568.SZ,SZ,hs300
000581,000581.SZ,SZ,zz1000
000582,000582.SZ,SZ,zz500
000591,000591.SZ,SZ,zz500
000596,000596.SZ,SZ,hs300
000598,000598.SZ,SZ,zz500
000600,000600.SZ,SZ,zz1000
000603,000603.SZ,SZ,zz1000
000612,000612.SZ,SZ,zz1000
000617,000617.SZ,SZ,hs300
000620,000620.SZ,SZ,zz1000
000623,000623.SZ,SZ,zz500
000625,000625.SZ,SZ,hs300
000628,000628.SZ,SZ,zz1000
000629,000629.SZ,SZ,zz500
000630,000630.SZ,SZ,hs300
000636,000636.SZ,SZ,zz1000
000650,000650.SZ,SZ,zz1000
000651,000651.SZ,SZ,hs300
000657,000657.SZ,SZ,hs300
000661,000661.SZ,SZ,zz500
000672,000672.SZ,SZ,zz1000
000676,000676.SZ,SZ,zz1000
000680,000680.SZ,SZ,zz1000
000681,000681.SZ,SZ,zz1000
000682,000682.SZ,SZ,zz1000
000683,000683.SZ,SZ,zz500
000685,000685.SZ,SZ,zz1000
000686,000686.SZ,SZ,zz1000
000688,000688.SZ,SZ,zz1000
000690,000690.SZ,SZ,zz1000
000703,000703.SZ,SZ,zz500
000708,000708.SZ,SZ,hs300
000709,000709.SZ,SZ,zz500
000712,000712.SZ,SZ,zz1000
000719,000719.SZ,SZ,zz1000
000723,000723.SZ,SZ,zz500
000725,000725.SZ,SZ,hs300
000727,000727.SZ,SZ,zz1000
000728,000728.SZ,SZ,zz500
000729,000729.SZ,SZ,zz500
000733,000733.SZ,SZ,zz500
000737,000737.SZ,SZ,zz500
000738,000738.SZ,SZ,zz500
000739,000739.SZ,SZ,zz500
000750,000750.SZ,SZ,zz500
000758,000758.SZ,SZ,zz1000
000762,000762.SZ,SZ,zz1000
000766,000766.SZ,SZ,zz1000
000767,000767.SZ,SZ,zz1000
000768,000768.SZ,SZ,hs300
000776,000776.SZ,SZ,hs300
000778,000778.SZ,SZ,zz1000
000783,000783.SZ,SZ,zz500
000785,000785.SZ,SZ,zz500
000786,000786.SZ,SZ,zz500
000791,000791.SZ,SZ,zz1000
000792,000792.SZ,SZ,hs300
000795,000795.SZ,SZ,zz1000
000800,000800.SZ,SZ,zz500
000801,000801.SZ,SZ,zz1000
000807,000807.SZ,SZ,hs300
000810,000810.SZ,SZ,zz1000
000811,000811.SZ,SZ,zz1000
000813,000813.SZ,SZ,zz1000
000825,000825.SZ,SZ,zz500
000828,000828.SZ,SZ,zz1000
000829,000829.SZ,SZ,zz1000
000830,000830.SZ,SZ,zz500
000831,000831.SZ,SZ,zz500
000833,000833.SZ,SZ,zz1000
000837,000837.SZ,SZ,zz1000
000848,000848.SZ,SZ,zz1000
000858,000858.SZ,SZ,hs300
000860,000860.SZ,SZ,zz1000
000875,000875.SZ,SZ,zz1000
000878,000878.SZ,SZ,zz500
000880,000880.SZ,SZ,zz1000
000883,000883.SZ,SZ,zz500
000885,000885.SZ,SZ,zz1000
000887,000887.SZ,SZ,zz500
000893,000893.SZ,SZ,zz500
000895,000895.SZ,SZ,hs300
000898,000898.SZ,SZ,zz500
000899,000899.SZ,SZ,zz1000
000901,000901.SZ,SZ,zz1000
000902,000902.SZ,SZ,zz1000
000913,000913.SZ,SZ,zz1000
000917,000917.SZ,SZ,zz1000
000921,000921.SZ,SZ,zz500
000923,000923.SZ,SZ,zz1000
000927,000927.SZ,SZ,zz1000
000928,000928.SZ,SZ,zz1000
000930,000930.SZ,SZ,zz1000
000932,000932.SZ,SZ,zz500
000935,000935.SZ,SZ,zz1000
000937,000937.SZ,SZ,zz500
000938,000938.SZ,SZ,hs300
000950,000950.SZ,SZ,zz1000
000951,000951.SZ,SZ,zz500
000959,000959.SZ,SZ,zz500
000960,000960.SZ,SZ,zz500
000962,000962.SZ,SZ,zz1000
000963,000963.SZ,SZ,hs300
000966,000966.SZ,SZ,zz1000
000967,000967.SZ,SZ,zz500
000969,000969.SZ,SZ,zz1000
000970,000970.SZ,SZ,zz1000
000973,000973.SZ,SZ,zz1000
000975,000975.SZ,SZ,hs300
000977,000977.SZ,SZ,hs300
000983,000983.SZ,SZ,zz500
000987,000987.SZ,SZ,zz500
000988,000988.SZ,SZ,hs300
000990,000990.SZ,SZ,zz1000
000997,000997.SZ,SZ,zz500
000998,000998.SZ,SZ,zz1000
000999,000999.SZ,SZ,hs300
001203,001203.SZ,SZ,zz500
001221,001221.SZ,SZ,zz500
001227,001227.SZ,SZ,zz1000
001233,001233.SZ,SZ,zz1000
001236,001236.SZ,SZ,zz1000
001267,001267.SZ,SZ,zz1000
001280,001280.SZ,SZ,hs300
001286,001286.SZ,SZ,zz500
001287,001287.SZ,SZ,zz1000
001301,001301.SZ,SZ,zz1000
001309,001309.SZ,SZ,zz500
001337,001337.SZ,SZ,zz1000
001339,001339.SZ,SZ,zz1000
001359,001359.SZ,SZ,zz1000
001369,001369.SZ,SZ,zz1000
001382,001382.SZ,SZ,zz1000
001386,001386.SZ,SZ,zz500
001389,001389.SZ,SZ,zz500
001391,001391.SZ,SZ,hs300
001696,001696.SZ,SZ,zz500
001896,001896.SZ,SZ,zz1000
001914,001914.SZ,SZ,zz1000
001965,001965.SZ,SZ,hs300
001979,001979.SZ,SZ,hs300
002001,002001.SZ,SZ,hs300
002003,002003.SZ,SZ,zz1000
002004,002004.SZ,SZ,zz1000
002006,002006.SZ,SZ,zz1000
002007,002007.SZ,SZ,zz500
002008,002008.SZ,SZ,zz500
002010,002010.SZ,SZ,zz1000
002011,002011.SZ,SZ,zz1000
002015,002015.SZ,SZ,zz1000
002017,002017.SZ,SZ,zz1000
002019,002019.SZ,SZ,zz1000
002020,002020.SZ,SZ,zz1000
002023,002023.SZ,SZ,zz1000
002025,002025.SZ,SZ,zz500
002027,002027.SZ,SZ,hs300
002028,002028.SZ,SZ,hs300
002032,002032.SZ,SZ,zz500
002036,002036.SZ,SZ,zz1000
002041,002041.SZ,SZ,zz1000
002043,002043.SZ,SZ,zz1000
002044,002044.SZ,SZ,zz500
002045,002045.SZ,SZ,zz1000
002046,002046.SZ,SZ,zz1000
002048,002048.SZ,SZ,zz1000
002049,002049.SZ,SZ,hs300
002050,002050.SZ,SZ,hs300
002051,002051.SZ,SZ,zz1000
002053,002053.SZ,SZ,zz1000
002056,002056.SZ,SZ,zz500
002060,002060.SZ,SZ,zz1000
002061,002061.SZ,SZ,zz1000
002063,002063.SZ,SZ,zz1000
002064,002064.SZ,SZ,zz500
002065,002065.SZ,SZ,zz500
002073,002073.SZ,SZ,zz1000
002074,002074.SZ,SZ,hs300
002075,002075.SZ,SZ,zz1000
002077,002077.SZ,SZ,zz1000
002078,002078.SZ,SZ,zz500
002081,002081.SZ,SZ,zz1000
002085,002085.SZ,SZ,zz500
002091,002091.SZ,SZ,zz1000
002093,002093.SZ,SZ,zz1000
002096,002096.SZ,SZ,zz1000
002097,002097.SZ,SZ,zz1000
002099,002099.SZ,SZ,zz1000
002100,002100.SZ,SZ,zz1000
002101,002101.SZ,SZ,zz1000
002104,002104.SZ,SZ,zz1000
002110,002110.SZ,SZ,zz1000
002120,002120.SZ,SZ,zz500
002121,002121.SZ,SZ,zz1000
002123,002123.SZ,SZ,zz1000
002125,002125.SZ,SZ,zz1000
002126,002126.SZ,SZ,zz500
002127,002127.SZ,SZ,zz1000
002130,002130.SZ,SZ,zz500
002131,002131.SZ,SZ,zz500
002138,002138.SZ,SZ,zz500
002139,002139.SZ,SZ,zz1000
002142,002142.SZ,SZ,hs300
002145,002145.SZ,SZ,zz1000
002149,002149.SZ,SZ,zz1000
002151,002151.SZ,SZ,zz1000
002152,002152.SZ,SZ,zz500
002153,002153.SZ,SZ,zz500
002155,002155.SZ,SZ,zz500
002157,002157.SZ,SZ,zz500
002158,002158.SZ,SZ,zz1000
002163,002163.SZ,SZ,zz1000
002170,002170.SZ,SZ,zz1000
002171,002171.SZ,SZ,zz1000
002174,002174.SZ,SZ,zz1000
002176,002176.SZ,SZ,zz1000
002179,002179.SZ,SZ,hs300
002181,002181.SZ,SZ,zz1000
002182,002182.SZ,SZ,zz1000
002183,002183.SZ,SZ,zz1000
002185,002185.SZ,SZ,zz500
002192,002192.SZ,SZ,zz1000
002194,002194.SZ,SZ,zz1000
002195,002195.SZ,SZ,zz500
002202,002202.SZ,SZ,hs300
002203,002203.SZ,SZ,zz500
002204,002204.SZ,SZ,zz1000
002212,002212.SZ,SZ,zz1000
002215,002215.SZ,SZ,zz1000
002216,002216.SZ,SZ,zz1000
002221,002221.SZ,SZ,zz1000
002222,002222.SZ,SZ,zz1000
002223,002223.SZ,SZ,zz500
002226,002226.SZ,SZ,zz1000
002230,002230.SZ,SZ,hs300
002233,002233.SZ,SZ,zz1000
002236,002236.SZ,SZ,hs300
002237,002237.SZ,SZ,zz1000
002239,002239.SZ,SZ,zz1000
002241,002241.SZ,SZ,hs300
002243,002243.SZ,SZ,zz1000
002244,002244.SZ,SZ,zz500
002245,002245.SZ,SZ,zz1000
002246,002246.SZ,SZ,zz1000
002249,002249.SZ,SZ,zz1000
002250,002250.SZ,SZ,zz1000
002251,002251.SZ,SZ,zz1000
002252,002252.SZ,SZ,zz500
002254,002254.SZ,SZ,zz1000
002258,002258.SZ,SZ,zz1000
002261,002261.SZ,SZ,zz500
002262,002262.SZ,SZ,zz500
002265,002265.SZ,SZ,zz500
002266,002266.SZ,SZ,zz500
002267,002267.SZ,SZ,zz1000
002268,002268.SZ,SZ,zz1000
002270,002270.SZ,SZ,zz1000
002271,002271.SZ,SZ,zz500
002273,002273.SZ,SZ,zz500
002276,002276.SZ,SZ,zz1000
002281,002281.SZ,SZ,zz500
002287,002287.SZ,SZ,zz1000
002290,002290.SZ,SZ,zz1000
002292,002292.SZ,SZ,zz1000
002299,002299.SZ,SZ,zz500
002304,002304.SZ,SZ,hs300
002311,002311.SZ,SZ,hs300
002312,002312.SZ,SZ,zz500
002315,002315.SZ,SZ,zz1000
002317,002317.SZ,SZ,zz1000
002318,002318.SZ,SZ,zz500
002320,002320.SZ,SZ,zz1000
002324,002324.SZ,SZ,zz1000
002326,002326.SZ,SZ,zz1000
002332,002332.SZ,SZ,zz1000
002335,002335.SZ,SZ,zz500
002338,002338.SZ,SZ,zz1000
002340,002340.SZ,SZ,zz500
002345,002345.SZ,SZ,zz1000
002351,002351.SZ,SZ,zz1000
002352,002352.SZ,SZ,hs300
002353,002353.SZ,SZ,hs300
002354,002354.SZ,SZ,zz1000
002364,002364.SZ,SZ,zz1000
002368,002368.SZ,SZ,zz1000
002371,002371.SZ,SZ,hs300
002372,002372.SZ,SZ,zz1000
002373,002373.SZ,SZ,zz1000
002378,002378.SZ,SZ,zz1000
002384,002384.SZ,SZ,hs300
002389,002389.SZ,SZ,zz1000
002396,002396.SZ,SZ,zz1000
002400,002400.SZ,SZ,zz1000
002402,002402.SZ,SZ,zz500
002405,002405.SZ,SZ,zz1000
002407,002407.SZ,SZ,zz500
002408,002408.SZ,SZ,zz1000
002409,002409.SZ,SZ,zz500
002410,002410.SZ,SZ,zz500
002414,002414.SZ,SZ,zz500
002415,002415.SZ,SZ,hs300
002416,002416.SZ,SZ,zz1000
002422,002422.SZ,SZ,hs300
002423,002423.SZ,SZ,zz500
002428,002428.SZ,SZ,zz1000
002429,002429.SZ,SZ,zz500
002430,002430.SZ,SZ,zz500
002432,002432.SZ,SZ,zz500
002434,002434.SZ,SZ,zz1000
002436,002436.SZ,SZ,zz500
002444,002444.SZ,SZ,zz500
002456,002456.SZ,SZ,zz1000
002458,002458.SZ,SZ,zz1000
002460,002460.SZ,SZ,hs300
002461,002461.SZ,SZ,zz500
002463,002463.SZ,SZ,hs300
002465,002465.SZ,SZ,zz500
002466,002466.SZ,SZ,hs300
002468,002468.SZ,SZ,zz1000
002472,002472.SZ,SZ,zz500
002475,002475.SZ,SZ,hs300
002484,002484.SZ,SZ,zz1000
002487,002487.SZ,SZ,zz500
002488,002488.SZ,SZ,zz1000
002493,002493.SZ,SZ,hs300
002497,002497.SZ,SZ,zz1000
002498,002498.SZ,SZ,zz1000
002500,002500.SZ,SZ,zz500
002506,002506.SZ,SZ,zz1000
002507,002507.SZ,SZ,zz1000
002508,002508.SZ,SZ,zz500
002511,002511.SZ,SZ,zz1000
002516,002516.SZ,SZ,zz1000
002517,002517.SZ,SZ,zz500
002518,002518.SZ,SZ,zz1000
002531,002531.SZ,SZ,zz1000
002532,002532.SZ,SZ,hs300
002534,002534.SZ,SZ,zz1000
002536,002536.SZ,SZ,zz1000
002537,002537.SZ,SZ,zz1000
002539,002539.SZ,SZ,zz1000
002541,002541.SZ,SZ,zz1000
002544,002544.SZ,SZ,zz1000
002545,002545.SZ,SZ,zz1000
002549,002549.SZ,SZ,zz1000
002550,002550.SZ,SZ,zz1000
002557,002557.SZ,SZ,zz1000
002558,002558.SZ,SZ,hs300
002563,002563.SZ,SZ,zz1000
002568,002568.SZ,SZ,zz500
002572,002572.SZ,SZ,zz1000
002583,002583.SZ,SZ,zz500
002588,002588.SZ,SZ,zz1000
002594,002594.SZ,SZ,hs300
002597,002597.SZ,SZ,zz1000
002600,002600.SZ,SZ,hs300
002601,002601.SZ,SZ,zz500
002602,002602.SZ,SZ,hs300
002603,002603.SZ,SZ,zz500
002605,002605.SZ,SZ,zz1000
002608,002608.SZ,SZ,zz500
002611,002611.SZ,SZ,zz1000
002617,002617.SZ,SZ,zz1000
002624,002624.SZ,SZ,zz500
002625,002625.SZ,SZ,hs300
002626,002626.SZ,SZ,zz1000
002635,002635.SZ,SZ,zz1000
002636,002636.SZ,SZ,zz1000
002639,002639.SZ,SZ,zz1000
002643,002643.SZ,SZ,zz1000
002648,002648.SZ,SZ,hs300
002651,002651.SZ,SZ,zz1000
002654,002654.SZ,SZ,zz1000
002668,002668.SZ,SZ,zz1000
002670,002670.SZ,SZ,zz500
002673,002673.SZ,SZ,zz500
002675,002675.SZ,SZ,zz1000
002681,002681.SZ,SZ,zz1000
002683,002683.SZ,SZ,zz500
002690,002690.SZ,SZ,zz1000
002698,002698.SZ,SZ,zz1000
002701,002701.SZ,SZ,zz1000
002705,002705.SZ,SZ,zz1000
002706,002706.SZ,SZ,zz1000
002709,002709.SZ,SZ,hs300
002714,002714.SZ,SZ,hs300
002716,002716.SZ,SZ,zz1000
002727,002727.SZ,SZ,zz1000
002736,002736.SZ,SZ,hs300
002737,002737.SZ,SZ,zz1000
002738,002738.SZ,SZ,zz500
002739,002739.SZ,SZ,zz500
002745,002745.SZ,SZ,zz1000
002747,002747.SZ,SZ,zz1000
002755,002755.SZ,SZ,zz1000
002756,002756.SZ,SZ,zz500
002761,002761.SZ,SZ,zz1000
002768,002768.SZ,SZ,zz1000
002773,002773.SZ,SZ,zz500
002779,002779.SZ,SZ,zz1000
002797,002797.SZ,SZ,zz500
002807,002807.SZ,SZ,zz1000
002812,002812.SZ,SZ,zz500
002815,002815.SZ,SZ,zz1000
002821,002821.SZ,SZ,zz500
002827,002827.SZ,SZ,zz1000
002831,002831.SZ,SZ,zz500
002832,002832.SZ,SZ,zz1000
002837,002837.SZ,SZ,hs300
002838,002838.SZ,SZ,zz1000
002839,002839.SZ,SZ,zz1000
002840,002840.SZ,SZ,zz1000
002841,002841.SZ,SZ,zz500
002847,002847.SZ,SZ,zz1000
002850,002850.SZ,SZ,zz500
002851,002851.SZ,SZ,zz500
002859,002859.SZ,SZ,zz1000
002867,002867.SZ,SZ,zz1000
002881,002881.SZ,SZ,zz1000
002882,002882.SZ,SZ,zz1000
002891,002891.SZ,SZ,zz1000
002892,002892.SZ,SZ,zz1000
002895,002895.SZ,SZ,zz1000
002896,002896.SZ,SZ,zz1000
002897,002897.SZ,SZ,zz1000
002901,002901.SZ,SZ,zz1000
002906,002906.SZ,SZ,zz1000
002911,002911.SZ,SZ,zz1000
002913,002913.SZ,SZ,zz1000
002916,002916.SZ,SZ,hs300
002920,002920.SZ,SZ,hs300
002922,002922.SZ,SZ,zz1000
002925,002925.SZ,SZ,zz1000
002926,002926.SZ,SZ,zz500
002928,002928.SZ,SZ,zz1000
002929,002929.SZ,SZ,zz1000
002936,002936.SZ,SZ,zz1000
002938,002938.SZ,SZ,hs300
002939,002939.SZ,SZ,zz500
002941,002941.SZ,SZ,zz1000
002945,002945.SZ,SZ,zz500
002946,002946.SZ,SZ,zz1000
002947,002947.SZ,SZ,zz1000
002948,002948.SZ,SZ,zz1000
002958,002958.SZ,SZ,zz1000
002960,002960.SZ,SZ,zz1000
002961,002961.SZ,SZ,zz1000
002965,002965.SZ,SZ,zz1000
002966,002966.SZ,SZ,zz500
002967,002967.SZ,SZ,zz1000
002978,002978.SZ,SZ,zz1000
002979,002979.SZ,SZ,zz1000
002984,002984.SZ,SZ,zz500
002985,002985.SZ,SZ,zz1000
002987,002987.SZ,SZ,zz1000
002993,002993.SZ,SZ,zz1000
003006,003006.SZ,SZ,zz1000
003010,003010.SZ,SZ,zz1000
003021,003021.SZ,SZ,zz500
003022,003022.SZ,SZ,zz500
003031,003031.SZ,SZ,zz500
003035,003035.SZ,SZ,zz500
003039,003039.SZ,SZ,zz1000
003816,003816.SZ,SZ,hs300
300001,300001.SZ,SZ,zz500
300002,300002.SZ,SZ,zz500
300003,300003.SZ,SZ,zz500
300007,300007.SZ,SZ,zz1000
300008,300008.SZ,SZ,zz1000
300009,300009.SZ,SZ,zz1000
300012,300012.SZ,SZ,zz500
300014,300014.SZ,SZ,hs300
300015,300015.SZ,SZ,hs300
300017,300017.SZ,SZ,zz500
300024,300024.SZ,SZ,zz500
300026,300026.SZ,SZ,zz1000
300031,300031.SZ,SZ,zz1000
300033,300033.SZ,SZ,hs300
300034,300034.SZ,SZ,zz1000
300035,300035.SZ,SZ,zz1000
300036,300036.SZ,SZ,zz1000
300037,300037.SZ,SZ,zz500
300045,300045.SZ,SZ,zz1000
300047,300047.SZ,SZ,zz1000
300049,300049.SZ,SZ,zz1000
300054,300054.SZ,SZ,zz500
300058,300058.SZ,SZ,zz500
300059,300059.SZ,SZ,hs300
300065,300065.SZ,SZ,zz1000
300070,300070.SZ,SZ,zz1000
300073,300073.SZ,SZ,zz500
300075,300075.SZ,SZ,zz1000
300077,300077.SZ,SZ,zz1000
300080,300080.SZ,SZ,zz1000
300083,300083.SZ,SZ,zz1000
300085,300085.SZ,SZ,zz1000
300088,300088.SZ,SZ,zz1000
300098,300098.SZ,SZ,zz1000
300100,300100.SZ,SZ,zz500
300101,300101.SZ,SZ,zz1000
300102,300102.SZ,SZ,zz1000
300113,300113.SZ,SZ,zz1000
300115,300115.SZ,SZ,zz500
300119,300119.SZ,SZ,zz1000
300122,300122.SZ,SZ,hs300
300124,300124.SZ,SZ,hs300
300127,300127.SZ,SZ,zz1000
300130,300130.SZ,SZ,zz1000
300131,300131.SZ,SZ,zz1000
300133,300133.SZ,SZ,zz1000
300134,300134.SZ,SZ,zz1000
300136,300136.SZ,SZ,zz500
300140,300140.SZ,SZ,zz500
300142,300142.SZ,SZ,zz500
300144,300144.SZ,SZ,zz500
300146,300146.SZ,SZ,zz500
300153,300153.SZ,SZ,zz1000
300166,300166.SZ,SZ,zz1000
300170,300170.SZ,SZ,zz1000
300171,300171.SZ,SZ,zz1000
300180,300180.SZ,SZ,zz1000
300181,300181.SZ,SZ,zz1000
300182,300182.SZ,SZ,zz1000
300184,300184.SZ,SZ,zz1000
300185,300185.SZ,SZ,zz1000
300188,300188.SZ,SZ,zz1000
300199,300199.SZ,SZ,zz1000
300207,300207.SZ,SZ,zz500
300223,300223.SZ,SZ,zz500
300224,300224.SZ,SZ,zz1000
300229,300229.SZ,SZ,zz1000
300236,300236.SZ,SZ,zz1000
300244,300244.SZ,SZ,zz1000
300251,300251.SZ,SZ,hs300
300253,300253.SZ,SZ,zz1000
300257,300257.SZ,SZ,zz1000
300260,300260.SZ,SZ,zz1000
300274,300274.SZ,SZ,hs300
300276,300276.SZ,SZ,zz1000
300284,300284.SZ,SZ,zz1000
300285,300285.SZ,SZ,zz500
300294,300294.SZ,SZ,zz1000
300296,300296.SZ,SZ,zz1000
300298,300298.SZ,SZ,zz1000
300303,300303.SZ,SZ,zz1000
300308,300308.SZ,SZ,hs300
300315,300315.SZ,SZ,zz1000
300316,300316.SZ,SZ,hs300
300319,300319.SZ,SZ,zz1000
300322,300322.SZ,SZ,zz1000
300323,300323.SZ,SZ,zz1000
300327,300327.SZ,SZ,zz1000
300337,300337.SZ,SZ,zz1000
300339,300339.SZ,SZ,zz500
300341,300341.SZ,SZ,zz1000
300342,300342.SZ,SZ,zz1000
300346,300346.SZ,SZ,zz500
300348,300348.SZ,SZ,zz1000
300353,300353.SZ,SZ,zz1000
300357,300357.SZ,SZ,zz1000
300360,300360.SZ,SZ,zz1000
300363,300363.SZ,SZ,zz1000
300373,300373.SZ,SZ,zz500
300376,300376.SZ,SZ,zz1000
300378,300378.SZ,SZ,zz1000
300383,300383.SZ,SZ,zz500
300390,300390.SZ,SZ,zz500
300394,300394.SZ,SZ,hs300
300395,300395.SZ,SZ,zz500
300398,300398.SZ,SZ,zz1000
300408,300408.SZ,SZ,hs300
300409,300409.SZ,SZ,zz1000
300413,300413.SZ,SZ,hs300
300415,300415.SZ,SZ,zz1000
300416,300416.SZ,SZ,zz1000
300418,300418.SZ,SZ,hs300
300428,300428.SZ,SZ,zz1000
300432,300432.SZ,SZ,zz500
300433,300433.SZ,SZ,hs300
300438,300438.SZ,SZ,zz1000
300442,300442.SZ,SZ,hs300
300443,300443.SZ,SZ,zz1000
300446,300446.SZ,SZ,zz1000
300450,300450.SZ,SZ,hs300
300454,300454.SZ,SZ,zz500
300455,300455.SZ,SZ,zz1000
300456,300456.SZ,SZ,zz1000
300457,300457.SZ,SZ,zz1000
300458,300458.SZ,SZ,zz500
300459,300459.SZ,SZ,zz1000
300468,300468.SZ,SZ,zz1000
300474,300474.SZ,SZ,zz500
300475,300475.SZ,SZ,zz500
300476,300476.SZ,SZ,hs300
300482,300482.SZ,SZ,zz1000
300487,300487.SZ,SZ,zz500
300492,300492.SZ,SZ,zz1000
300493,300493.SZ,SZ,zz1000
300496,300496.SZ,SZ,zz500
300498,300498.SZ,SZ,hs300
300502,300502.SZ,SZ,hs300
300503,300503.SZ,SZ,zz1000
300525,300525.SZ,SZ,zz1000
300529,300529.SZ,SZ,zz1000
300548,300548.SZ,SZ,zz500
300558,300558.SZ,SZ,zz500
300567,300567.SZ,SZ,zz500
300568,300568.SZ,SZ,zz1000
300570,300570.SZ,SZ,zz500
300573,300573.SZ,SZ,zz1000
300576,300576.SZ,SZ,zz1000
300579,300579.SZ,SZ,zz1000
300580,300580.SZ,SZ,zz1000
300593,300593.SZ,SZ,zz1000
300595,300595.SZ,SZ,zz1000
300598,300598.SZ,SZ,zz1000
300601,300601.SZ,SZ,zz1000
300602,300602.SZ,SZ,zz1000
300604,300604.SZ,SZ,zz500
300607,300607.SZ,SZ,zz1000
300613,300613.SZ,SZ,zz1000
300618,300618.SZ,SZ,zz1000
300620,300620.SZ,SZ,zz500
300623,300623.SZ,SZ,zz500
300624,300624.SZ,SZ,zz1000
300627,300627.SZ,SZ,zz500
300628,300628.SZ,SZ,hs300
300633,300633.SZ,SZ,zz1000
300634,300634.SZ,SZ,zz1000
300638,300638.SZ,SZ,zz1000
300641,300641.SZ,SZ,zz1000
300655,300655.SZ,SZ,zz1000
300657,300657.SZ,SZ,zz1000
300660,300660.SZ,SZ,zz1000
300661,300661.SZ,SZ,hs300
300666,300666.SZ,SZ,zz500
300672,300672.SZ,SZ,zz1000
300674,300674.SZ,SZ,zz1000
300676,300676.SZ,SZ,zz500
300677,300677.SZ,SZ,zz500
300678,300678.SZ,SZ,zz1000
300679,300679.SZ,SZ,zz500
300680,300680.SZ,SZ,zz1000
300682,300682.SZ,SZ,zz1000
300684,300684.SZ,SZ,zz1000
300685,300685.SZ,SZ,zz1000
300687,300687.SZ,SZ,zz1000
300693,300693.SZ,SZ,zz1000
300699,300699.SZ,SZ,zz500
300702,300702.SZ,SZ,zz1000
300718,300718.SZ,SZ,zz500
300723,300723.SZ,SZ,zz1000
300724,300724.SZ,SZ,zz500
300725,300725.SZ,SZ,zz1000
300726,300726.SZ,SZ,zz1000
300735,300735.SZ,SZ,zz500
300738,300738.SZ,SZ,zz1000
300747,300747.SZ,SZ,zz1000
300748,300748.SZ,SZ,zz500
300750,300750.SZ,SZ,hs300
300751,300751.SZ,SZ,zz500
300757,300757.SZ,SZ,zz500
300759,300759.SZ,SZ,zz500
300760,300760.SZ,SZ,hs300
300761,300761.SZ,SZ,zz1000
300762,300762.SZ,SZ,zz1000
300763,300763.SZ,SZ,zz500
300768,300768.SZ,SZ,zz1000
300770,300770.SZ,SZ,zz1000
300772,300772.SZ,SZ,zz1000
300773,300773.SZ,SZ,zz1000
300775,300775.SZ,SZ,zz1000
300776,300776.SZ,SZ,zz1000
300777,300777.SZ,SZ,zz1000
300779,300779.SZ,SZ,zz1000
300783,300783.SZ,SZ,zz1000
300803,300803.SZ,SZ,hs300
300806,300806.SZ,SZ,zz1000
300809,300809.SZ,SZ,zz1000
300811,300811.SZ,SZ,zz1000
300814,300814.SZ,SZ,zz1000
300820,300820.SZ,SZ,zz1000
300821,300821.SZ,SZ,zz1000
300827,300827.SZ,SZ,zz1000
300832,300832.SZ,SZ,hs300
300841,300841.SZ,SZ,zz1000
300850,300850.SZ,SZ,zz1000
300855,300855.SZ,SZ,zz1000
300857,300857.SZ,SZ,zz500
300861,300861.SZ,SZ,zz1000
300866,300866.SZ,SZ,hs300
300870,300870.SZ,SZ,zz1000
300872,300872.SZ,SZ,zz1000
300888,300888.SZ,SZ,zz500
300896,300896.SZ,SZ,hs300
300910,300910.SZ,SZ,zz1000
300913,300913.SZ,SZ,zz1000
300919,300919.SZ,SZ,zz500
300925,300925.SZ,SZ,zz1000
300926,300926.SZ,SZ,zz1000
300953,300953.SZ,SZ,zz500
300957,300957.SZ,SZ,zz500
300969,300969.SZ,SZ,zz1000
300972,300972.SZ,SZ,zz500
300990,300990.SZ,SZ,zz1000
300999,300999.SZ,SZ,hs300
301000,301000.SZ,SZ,zz1000
301005,301005.SZ,SZ,zz1000
301015,301015.SZ,SZ,zz1000
301018,301018.SZ,SZ,zz1000
301029,301029.SZ,SZ,zz1000
301031,301031.SZ,SZ,zz1000
301035,301035.SZ,SZ,zz1000
301039,301039.SZ,SZ,zz1000
301047,301047.SZ,SZ,zz1000
301050,301050.SZ,SZ,zz1000
301061,301061.SZ,SZ,zz1000
301071,301071.SZ,SZ,zz1000
301078,301078.SZ,SZ,zz1000
301087,301087.SZ,SZ,zz1000
301091,301091.SZ,SZ,zz1000
301095,301095.SZ,SZ,zz1000
301101,301101.SZ,SZ,zz1000
301109,301109.SZ,SZ,zz1000
301127,301127.SZ,SZ,zz1000
301153,301153.SZ,SZ,zz1000
301155,301155.SZ,SZ,zz1000
301165,301165.SZ,SZ,hs300
301171,301171.SZ,SZ,zz1000
301175,301175.SZ,SZ,zz1000
301177,301177.SZ,SZ,zz1000
301196,301196.SZ,SZ,zz1000
301200,301200.SZ,SZ,zz500
301205,301205.SZ,SZ,zz1000
301207,301207.SZ,SZ,zz1000
301215,301215.SZ,SZ,zz1000
301216,301216.SZ,SZ,zz1000
301217,301217.SZ,SZ,zz1000
301219,301219.SZ,SZ,zz1000
301225,301225.SZ,SZ,zz1000
301236,301236.SZ,SZ,hs300
301238,301238.SZ,SZ,zz1000
301262,301262.SZ,SZ,zz1000
301263,301263.SZ,SZ,zz1000
301267,301267.SZ,SZ,zz1000
301268,301268.SZ,SZ,zz1000
301269,301269.SZ,SZ,hs300
301275,301275.SZ,SZ,zz1000
301291,301291.SZ,SZ,zz1000
301293,301293.SZ,SZ,zz1000
301297,301297.SZ,SZ,zz1000
301301,301301.SZ,SZ,zz500
301308,301308.SZ,SZ,hs300
301316,301316.SZ,SZ,zz1000
301327,301327.SZ,SZ,zz1000
301339,301339.SZ,SZ,zz1000
301345,301345.SZ,SZ,zz1000
301358,301358.SZ,SZ,zz500
301363,301363.SZ,SZ,zz1000
301371,301371.SZ,SZ,zz1000
301377,301377.SZ,SZ,zz500
301381,301381.SZ,SZ,zz1000
301389,301389.SZ,SZ,zz1000
301392,301392.SZ,SZ,zz1000
301396,301396.SZ,SZ,zz1000
301413,301413.SZ,SZ,zz1000
301421,301421.SZ,SZ,zz1000
301458,301458.SZ,SZ,zz1000
301487,301487.SZ,SZ,zz1000
301488,301488.SZ,SZ,zz1000
301489,301489.SZ,SZ,zz1000
301498,301498.SZ,SZ,zz500
301500,301500.SZ,SZ,zz1000
301510,301510.SZ,SZ,zz1000
301511,301511.SZ,SZ,zz1000
301522,301522.SZ,SZ,zz1000
301526,301526.SZ,SZ,zz500
301536,301536.SZ,SZ,zz500
301550,301550.SZ,SZ,zz1000
301551,301551.SZ,SZ,zz1000
301556,301556.SZ,SZ,zz1000
301563,301563.SZ,SZ,zz1000
301565,301565.SZ,SZ,zz1000
301571,301571.SZ,SZ,zz1000
301584,301584.SZ,SZ,zz1000
301589,301589.SZ,SZ,zz1000
301592,301592.SZ,SZ,zz1000
301600,301600.SZ,SZ,zz1000
301602,301602.SZ,SZ,zz1000
301606,301606.SZ,SZ,zz500
301611,301611.SZ,SZ,zz500
301622,301622.SZ,SZ,zz1000
301626,301626.SZ,SZ,zz1000
301631,301631.SZ,SZ,zz1000
301632,301632.SZ,SZ,zz1000
301658,301658.SZ,SZ,zz1000
301662,301662.SZ,SZ,zz1000
301665,301665.SZ,SZ,zz1000
301678,301678.SZ,SZ,zz1000
302132,302132.SZ,SZ,hs300
600000,600000.SH,SH,hs300
600004,600004.SH,SH,zz500
600006,600006.SH,SH,zz1000
600008,600008.SH,SH,zz500
600009,600009.SH,SH,hs300
600010,600010.SH,SH,hs300
600011,600011.SH,SH,hs300
600012,600012.SH,SH,zz1000
600015,600015.SH,SH,hs300
600016,600016.SH,SH,hs300
600017,600017.SH,SH,zz1000
600018,600018.SH,SH,hs300
600019,600019.SH,SH,hs300
600021,600021.SH,SH,zz500
600022,600022.SH,SH,zz1000
600023,600023.SH,SH,hs300
600025,600025.SH,SH,hs300
600026,600026.SH,SH,hs300
600027,600027.SH,SH,hs300
600028,600028.SH,SH,hs300
600029,600029.SH,SH,hs300
600030,600030.SH,SH,hs300
600031,600031.SH,SH,hs300
600032,600032.SH,SH,zz500
600033,600033.SH,SH,zz1000
600036,600036.SH,SH,hs300
600037,600037.SH,SH,zz1000
600038,600038.SH,SH,zz500
600039,600039.SH,SH,hs300
600048,600048.SH,SH,hs300
600050,600050.SH,SH,hs300
600055,600055.SH,SH,zz1000
600056,600056.SH,SH,zz1000
600057,600057.SH,SH,zz1000
600058,600058.SH,SH,zz1000
600059,600059.SH,SH,zz1000
600060,600060.SH,SH,zz500
600061,600061.SH,SH,hs300
600062,600062.SH,SH,zz500
600063,600063.SH,SH,zz1000
600064,600064.SH,SH,zz1000
600066,600066.SH,SH,hs300
600072,600072.SH,SH,zz1000
600075,600075.SH,SH,zz1000
600085,600085.SH,SH,hs300
600089,600089.SH,SH,hs300
600094,600094.SH,SH,zz1000
600095,600095.SH,SH,zz500
600098,600098.SH,SH,zz500
600100,600100.SH,SH,zz500
600104,600104.SH,SH,hs300
600105,600105.SH,SH,zz500
600109,600109.SH,SH,zz500
600111,600111.SH,SH,hs300
600113,600113.SH,SH,zz1000
600114,600114.SH,SH,zz1000
600115,600115.SH,SH,hs300
600116,600116.SH,SH,zz1000
600118,600118.SH,SH,hs300
600120,600120.SH,SH,zz1000
600123,600123.SH,SH,zz1000
600126,600126.SH,SH,zz500
600129,600129.SH,SH,zz1000
600131,600131.SH,SH,zz500
600132,600132.SH,SH,zz500
600133,600133.SH,SH,zz1000
600141,600141.SH,SH,zz500
600143,600143.SH,SH,zz500
600150,600150.SH,SH,hs300
600151,600151.SH,SH,zz1000
600153,600153.SH,SH,zz500
600155,600155.SH,SH,zz1000
600157,600157.SH,SH,zz500
600158,600158.SH,SH,zz1000
600160,600160.SH,SH,hs300
600161,600161.SH,SH,zz500
600163,600163.SH,SH,zz1000
600166,600166.SH,SH,zz500
600167,600167.SH,SH,zz1000
600170,600170.SH,SH,zz500
600171,600171.SH,SH,zz500
600176,600176.SH,SH,hs300
600177,600177.SH,SH,zz500
600179,600179.SH,SH,zz1000
600183,600183.SH,SH,hs300
600184,600184.SH,SH,zz1000
600185,600185.SH,SH,zz1000
600186,600186.SH,SH,zz1000
600188,600188.SH,SH,hs300
600196,600196.SH,SH,hs300
600201,600201.SH,SH,zz1000
600206,600206.SH,SH,zz1000
600208,600208.SH,SH,zz500
600210,600210.SH,SH,zz1000
600211,600211.SH,SH,zz1000
600216,600216.SH,SH,zz1000
600219,600219.SH,SH,hs300
600221,600221.SH,SH,hs300
600226,600226.SH,SH,zz1000
600233,600233.SH,SH,hs300
600246,600246.SH,SH,zz1000
600248,600248.SH,SH,zz1000
600252,600252.SH,SH,zz1000
600256,600256.SH,SH,zz500
600258,600258.SH,SH,zz1000
600259,600259.SH,SH,zz1000
600266,600266.SH,SH,zz1000
600267,600267.SH,SH,zz1000
600268,600268.SH,SH,zz1000
600269,600269.SH,SH,zz1000
600273,600273.SH,SH,zz1000
600276,600276.SH,SH,hs300
600282,600282.SH,SH,zz500
600285,600285.SH,SH,zz1000
600292,600292.SH,SH,zz500
600295,600295.SH,SH,zz500
600298,600298.SH,SH,zz500
600299,600299.SH,SH,zz500
600301,600301.SH,SH,zz1000
600305,600305.SH,SH,zz1000
600309,600309.SH,SH,hs300
600312,600312.SH,SH,zz500
600315,600315.SH,SH,zz1000
600316,600316.SH,SH,zz500
600320,600320.SH,SH,zz1000
600323,600323.SH,SH,zz1000
600325,600325.SH,SH,zz1000
600328,600328.SH,SH,zz1000
600329,600329.SH,SH,zz500
600330,600330.SH,SH,zz1000
600331,600331.SH,SH,zz1000
600332,600332.SH,SH,zz500
600335,600335.SH,SH,zz1000
600338,600338.SH,SH,zz1000
600339,600339.SH,SH,zz500
600345,600345.SH,SH,zz1000
600346,600346.SH,SH,hs300
600348,600348.SH,SH,zz500
600350,600350.SH,SH,zz500
600352,600352.SH,SH,zz500
600353,600353.SH,SH,zz1000
600361,600361.SH,SH,zz1000
600362,600362.SH,SH,hs300
600363,600363.SH,SH,zz500
600366,600366.SH,SH,zz1000
600369,600369.SH,SH,zz500
600372,600372.SH,SH,hs300
600373,600373.SH,SH,zz1000
600377,600377.SH,SH,zz500
600378,600378.SH,SH,zz500
600380,600380.SH,SH,zz500
600388,600388.SH,SH,zz1000
600389,600389.SH,SH,zz1000
600390,600390.SH,SH,zz500
600391,600391.SH,SH,zz1000
600392,600392.SH,SH,zz500
600395,600395.SH,SH,zz1000
600398,600398.SH,SH,zz500
600399,600399.SH,SH,zz1000
600403,600403.SH,SH,zz1000
600406,600406.SH,SH,hs300
600409,600409.SH,SH,zz1000
600415,600415.SH,SH,hs300
600416,600416.SH,SH,zz1000
600420,600420.SH,SH,zz1000
600422,600422.SH,SH,zz1000
600426,600426.SH,SH,hs300
600428,600428.SH,SH,zz1000
600435,600435.SH,SH,zz500
600436,600436.SH,SH,hs300
600438,600438.SH,SH,hs300
600446,600446.SH,SH,zz1000
600452,600452.SH,SH,zz1000
600456,600456.SH,SH,zz1000
600458,600458.SH,SH,zz1000
600459,600459.SH,SH,zz1000
600460,600460.SH,SH,hs300
600461,600461.SH,SH,zz1000
600475,600475.SH,SH,zz1000
600478,600478.SH,SH,zz1000
600480,600480.SH,SH,zz1000
600482,600482.SH,SH,hs300
600483,600483.SH,SH,zz500
600486,600486.SH,SH,zz500
600489,600489.SH,SH,hs300
600490,600490.SH,SH,zz1000
600497,600497.SH,SH,zz500
600498,600498.SH,SH,zz500
600499,600499.SH,SH,zz500
600502,600502.SH,SH,zz1000
600507,600507.SH,SH,zz1000
600508,600508.SH,SH,zz1000
600509,600509.SH,SH,zz1000
600511,600511.SH,SH,zz500
600515,600515.SH,SH,hs300
600516,600516.SH,SH,zz500
600517,600517.SH,SH,zz500
600519,600519.SH,SH,hs300
600521,600521.SH,SH,zz500
600522,600522.SH,SH,hs300
600528,600528.SH,SH,zz1000
600529,600529.SH,SH,zz1000
600531,600531.SH,SH,zz1000
600535,600535.SH,SH,zz500
600536,600536.SH,SH,zz500
600546,600546.SH,SH,zz500
600547,600547.SH,SH,hs300
600549,600549.SH,SH,hs300
600550,600550.SH,SH,zz1000
600552,600552.SH,SH,zz1000
600556,600556.SH,SH,zz1000
600557,600557.SH,SH,zz1000
600559,600559.SH,SH,zz1000
600562,600562.SH,SH,zz500
600563,600563.SH,SH,zz500
600566,600566.SH,SH,zz500
600570,600570.SH,SH,hs300
600572,600572.SH,SH,zz1000
600575,600575.SH,SH,zz1000
600577,600577.SH,SH,zz1000
600578,600578.SH,SH,zz500
600582,600582.SH,SH,zz500
600583,600583.SH,SH,zz500
600584,600584.SH,SH,hs300
600585,600585.SH,SH,hs300
600587,600587.SH,SH,zz1000
600588,600588.SH,SH,hs300
600595,600595.SH,SH,zz500
600596,600596.SH,SH,zz1000
600597,600597.SH,SH,zz1000
600598,600598.SH,SH,zz500
600600,600600.SH,SH,hs300
600601,600601.SH,SH,zz500
600602,600602.SH,SH,zz500
600606,600606.SH,SH,zz500
600612,600612.SH,SH,zz1000
600618,600618.SH,SH,zz1000
600619,600619.SH,SH,zz1000
600621,600621.SH,SH,zz1000
600623,600623.SH,SH,zz1000
600629,600629.SH,SH,zz1000
600633,600633.SH,SH,zz1000
600635,600635.SH,SH,zz1000
600637,600637.SH,SH,zz500
600639,600639.SH,SH,zz1000
600640,600640.SH,SH,zz1000
600641,600641.SH,SH,zz1000
600642,600642.SH,SH,zz500
600643,600643.SH,SH,zz1000
600645,600645.SH,SH,zz1000
600649,600649.SH,SH,zz1000
600651,600651.SH,SH,zz1000
600654,600654.SH,SH,zz1000
600655,600655.SH,SH,zz500
600657,600657.SH,SH,zz1000
600660,600660.SH,SH,hs300
600662,600662.SH,SH,zz1000
600663,600663.SH,SH,zz500
600664,600664.SH,SH,zz1000
600667,600667.SH,SH,zz1000
600674,600674.SH,SH,hs300
600675,600675.SH,SH,zz1000
600682,600682.SH,SH,zz1000
600685,600685.SH,SH,zz500
600686,600686.SH,SH,zz1000
600688,600688.SH,SH,zz500
600690,600690.SH,SH,hs300
600699,600699.SH,SH,zz500
600704,600704.SH,SH,zz500
600707,600707.SH,SH,zz500
600710,600710.SH,SH,zz1000
600711,600711.SH,SH,zz500
600717,600717.SH,SH,zz1000
600718,600718.SH,SH,zz1000
600726,600726.SH,SH,zz1000
600728,600728.SH,SH,zz1000
600729,600729.SH,SH,zz1000
600737,600737.SH,SH,zz500
600739,600739.SH,SH,zz1000
600740,600740.SH,SH,zz1000
600741,600741.SH,SH,hs300
600744,600744.SH,SH,zz1000
600746,600746.SH,SH,zz1000
600750,600750.SH,SH,zz1000
600751,600751.SH,SH,zz1000
600754,600754.SH,SH,zz500
600757,600757.SH,SH,zz1000
600760,600760.SH,SH,hs300
600761,600761.SH,SH,zz1000
600763,600763.SH,SH,zz500
600764,600764.SH,SH,zz500
600765,600765.SH,SH,zz500
600771,600771.SH,SH,zz1000
600773,600773.SH,SH,zz1000
600776,600776.SH,SH,zz1000
600782,600782.SH,SH,zz1000
600783,600783.SH,SH,zz1000
600787,600787.SH,SH,zz1000
600789,600789.SH,SH,zz1000
600795,600795.SH,SH,hs300
600801,600801.SH,SH,zz500
600803,600803.SH,SH,hs300
600808,600808.SH,SH,zz500
600809,600809.SH,SH,hs300
600812,600812.SH,SH,zz1000
600816,600816.SH,SH,zz500
600820,600820.SH,SH,zz500
600821,600821.SH,SH,zz1000
600827,600827.SH,SH,zz1000
600835,600835.SH,SH,zz1000
600845,600845.SH,SH,hs300
600848,600848.SH,SH,zz500
600850,600850.SH,SH,zz1000
600859,600859.SH,SH,zz1000
600862,600862.SH,SH,zz500
600863,600863.SH,SH,zz500
600864,600864.SH,SH,zz1000
600866,600866.SH,SH,zz1000
600867,600867.SH,SH,zz1000
600869,600869.SH,SH,zz1000
600871,600871.SH,SH,zz500
600872,600872.SH,SH,zz1000
600873,600873.SH,SH,zz500
600875,600875.SH,SH,hs300
600877,600877.SH,SH,zz1000
600879,600879.SH,SH,zz500
600882,600882.SH,SH,zz1000
600884,600884.SH,SH,zz500
600885,600885.SH,SH,zz500
600886,600886.SH,SH,hs300
600887,600887.SH,SH,hs300
600888,600888.SH,SH,zz1000
600893,600893.SH,SH,hs300
600900,600900.SH,SH,hs300
600901,600901.SH,SH,zz500
600905,600905.SH,SH,hs300
600906,600906.SH,SH,zz500
600908,600908.SH,SH,zz1000
600909,600909.SH,SH,zz500
600916,600916.SH,SH,zz1000
600918,600918.SH,SH,hs300
600919,600919.SH,SH,hs300
600926,600926.SH,SH,hs300
600927,600927.SH,SH,zz500
600928,600928.SH,SH,zz1000
600929,600929.SH,SH,zz1000
600930,600930.SH,SH,hs300
600933,600933.SH,SH,zz1000
600938,600938.SH,SH,hs300
600941,600941.SH,SH,hs300
600956,600956.SH,SH,zz1000
600958,600958.SH,SH,hs300
600961,600961.SH,SH,zz1000
600963,600963.SH,SH,zz1000
600967,600967.SH,SH,zz500
600968,600968.SH,SH,zz500
600970,600970.SH,SH,zz500
600971,600971.SH,SH,zz1000
600977,600977.SH,SH,zz500
600985,600985.SH,SH,zz500
600986,600986.SH,SH,zz1000
600988,600988.SH,SH,zz500
600989,600989.SH,SH,hs300
600993,600993.SH,SH,zz1000
600995,600995.SH,SH,zz500
600996,600996.SH,SH,zz1000
600997,600997.SH,SH,zz1000
600998,600998.SH,SH,zz500
600999,600999.SH,SH,hs300
601000,601000.SH,SH,zz500
601001,601001.SH,SH,zz500
601003,601003.SH,SH,zz1000
601006,601006.SH,SH,hs300
601009,601009.SH,SH,hs300
601012,601012.SH,SH,hs300
601016,601016.SH,SH,zz500
601018,601018.SH,SH,hs300
601019,601019.SH,SH,zz500
601020,601020.SH,SH,zz1000
601021,601021.SH,SH,hs300
601022,601022.SH,SH,zz1000
601026,601026.SH,SH,zz1000
601033,601033.SH,SH,zz1000
601038,601038.SH,SH,zz1000
601058,601058.SH,SH,hs300
601059,601059.SH,SH,hs300
601066,601066.SH,SH,hs300
601068,601068.SH,SH,zz1000
601069,601069.SH,SH,zz1000
601077,601077.SH,SH,hs300
601083,601083.SH,SH,zz1000
601088,601088.SH,SH,hs300
601089,601089.SH,SH,zz1000
601096,601096.SH,SH,zz1000
601098,601098.SH,SH,zz500
601099,601099.SH,SH,zz500
601100,601100.SH,SH,hs300
601101,601101.SH,SH,zz1000
601106,601106.SH,SH,zz500
601107,601107.SH,SH,zz1000
601108,601108.SH,SH,zz500
601111,601111.SH,SH,hs300
601112,601112.SH,SH,zz500
601117,601117.SH,SH,hs300
601118,601118.SH,SH,zz500
601126,601126.SH,SH,zz1000
601127,601127.SH,SH,hs300
601128,601128.SH,SH,zz500
601136,601136.SH,SH,hs300
601137,601137.SH,SH,zz1000
601138,601138.SH,SH,hs300
601139,601139.SH,SH,zz500
601155,601155.SH,SH,zz500
601156,601156.SH,SH,zz500
601162,601162.SH,SH,zz500
601166,601166.SH,SH,hs300
601169,601169.SH,SH,hs300
601179,601179.SH,SH,zz500
601186,601186.SH,SH,hs300
601187,601187.SH,SH,zz1000
601198,601198.SH,SH,zz500
601200,601200.SH,SH,zz1000
601208,601208.SH,SH,zz1000
601211,601211.SH,SH,hs300
601212,601212.SH,SH,zz500
601216,601216.SH,SH,zz500
601222,601222.SH,SH,zz1000
601225,601225.SH,SH,hs300
601228,601228.SH,SH,zz500
601229,601229.SH,SH,hs300
601233,601233.SH,SH,zz500
601236,601236.SH,SH,zz500
601238,601238.SH,SH,hs300
601288,601288.SH,SH,hs300
601298,601298.SH,SH,zz500
601311,601311.SH,SH,zz1000
601318,601318.SH,SH,hs300
601319,601319.SH,SH,hs300
601326,601326.SH,SH,zz1000
601328,601328.SH,SH,hs300
601333,601333.SH,SH,zz1000
601336,601336.SH,SH,hs300
601360,601360.SH,SH,hs300
601369,601369.SH,SH,zz1000
601375,601375.SH,SH,zz1000
601377,601377.SH,SH,hs300
601390,601390.SH,SH,hs300
601398,601398.SH,SH,hs300
601399,601399.SH,SH,zz500
601456,601456.SH,SH,hs300
601519,601519.SH,SH,zz1000
601528,601528.SH,SH,zz1000
601555,601555.SH,SH,zz500
601567,601567.SH,SH,zz500
601568,601568.SH,SH,zz1000
601577,601577.SH,SH,zz500
601595,601595.SH,SH,zz1000
601598,601598.SH,SH,zz500
601600,601600.SH,SH,hs300
601601,601601.SH,SH,hs300
601606,601606.SH,SH,zz1000
601607,601607.SH,SH,hs300
601608,601608.SH,SH,zz500
601609,601609.SH,SH,zz1000
601611,601611.SH,SH,zz500
601615,601615.SH,SH,zz500
601618,601618.SH,SH,hs300
601619,601619.SH,SH,zz1000
601628,601628.SH,SH,hs300
601633,601633.SH,SH,hs300
601636,601636.SH,SH,zz1000
601658,601658.SH,SH,hs300
601665,601665.SH,SH,zz500
601666,601666.SH,SH,zz500
601668,601668.SH,SH,hs300
601669,601669.SH,SH,hs300
601677,601677.SH,SH,zz1000
601678,601678.SH,SH,zz1000
601688,601688.SH,SH,hs300
601689,601689.SH,SH,hs300
601696,601696.SH,SH,zz500
601698,601698.SH,SH,hs300
601699,601699.SH,SH,zz500
601702,601702.SH,SH,zz1000
601717,601717.SH,SH,zz500
601727,601727.SH,SH,hs300
601728,601728.SH,SH,hs300
601766,601766.SH,SH,hs300
601777,601777.SH,SH,zz1000
601778,601778.SH,SH,zz1000
601788,601788.SH,SH,hs300
601799,601799.SH,SH,zz500
601800,601800.SH,SH,hs300
601801,601801.SH,SH,zz1000
601808,601808.SH,SH,zz500
601816,601816.SH,SH,hs300
601818,601818.SH,SH,hs300
601825,601825.SH,SH,hs300
601838,601838.SH,SH,hs300
601857,601857.SH,SH,hs300
601858,601858.SH,SH,zz1000
601860,601860.SH,SH,zz1000
601865,601865.SH,SH,zz500
601866,601866.SH,SH,zz500
601868,601868.SH,SH,hs300
601869,601869.SH,SH,zz500
601872,601872.SH,SH,hs300
601877,601877.SH,SH,hs300
601878,601878.SH,SH,hs300
601880,601880.SH,SH,zz500
601881,601881.SH,SH,hs300
601882,601882.SH,SH,zz1000
601888,601888.SH,SH,hs300
601890,601890.SH,SH,zz1000
601898,601898.SH,SH,hs300
601899,601899.SH,SH,hs300
601900,601900.SH,SH,zz1000
601901,601901.SH,SH,hs300
601908,601908.SH,SH,zz1000
601916,601916.SH,SH,hs300
601918,601918.SH,SH,zz1000
601919,601919.SH,SH,hs300
601921,601921.SH,SH,zz1000
601928,601928.SH,SH,zz500
601939,601939.SH,SH,hs300
601949,601949.SH,SH,zz1000
601952,601952.SH,SH,zz1000
601958,601958.SH,SH,zz500
601963,601963.SH,SH,zz1000
601965,601965.SH,SH,zz1000
601966,601966.SH,SH,zz500
601969,601969.SH,SH,zz1000
601975,601975.SH,SH,zz1000
601985,601985.SH,SH,hs300
601988,601988.SH,SH,hs300
601990,601990.SH,SH,zz500
601991,601991.SH,SH,zz500
601995,601995.SH,SH,hs300
601997,601997.SH,SH,zz500
601998,601998.SH,SH,hs300
603000,603000.SH,SH,zz500
603005,603005.SH,SH,zz1000
603009,603009.SH,SH,zz1000
603013,603013.SH,SH,zz1000
603014,603014.SH,SH,zz1000
603019,603019.SH,SH,hs300
603025,603025.SH,SH,zz1000
603026,603026.SH,SH,zz1000
603027,603027.SH,SH,zz1000
603033,603033.SH,SH,zz1000
603039,603039.SH,SH,zz1000
603043,603043.SH,SH,zz1000
603049,603049.SH,SH,zz500
603055,603055.SH,SH,zz1000
603057,603057.SH,SH,zz1000
603063,603063.SH,SH,zz1000
603072,603072.SH,SH,zz1000
603077,603077.SH,SH,zz500
603083,603083.SH,SH,zz1000
603087,603087.SH,SH,zz500
603092,603092.SH,SH,zz500
603093,603093.SH,SH,zz1000
603099,603099.SH,SH,zz1000
603100,603100.SH,SH,zz1000
603103,603103.SH,SH,zz1000
603108,603108.SH,SH,zz1000
603118,603118.SH,SH,zz1000
603119,603119.SH,SH,zz500
603124,603124.SH,SH,zz1000
603127,603127.SH,SH,zz1000
603129,603129.SH,SH,zz500
603132,603132.SH,SH,zz1000
603156,603156.SH,SH,zz500
603160,603160.SH,SH,zz500
603162,603162.SH,SH,zz1000
603166,603166.SH,SH,zz1000
603169,603169.SH,SH,zz1000
603171,603171.SH,SH,zz1000
603175,603175.SH,SH,zz500
603179,603179.SH,SH,zz500
603193,603193.SH,SH,zz1000
603194,603194.SH,SH,zz1000
603202,603202.SH,SH,zz1000
603218,603218.SH,SH,zz1000
603219,603219.SH,SH,zz1000
603220,603220.SH,SH,zz1000
603225,603225.SH,SH,zz500
603227,603227.SH,SH,zz1000
603233,603233.SH,SH,zz500
603236,603236.SH,SH,zz1000
603248,603248.SH,SH,zz1000
603256,603256.SH,SH,zz500
603259,603259.SH,SH,hs300
603260,603260.SH,SH,hs300
603267,603267.SH,SH,zz1000
603279,603279.SH,SH,zz1000
603283,603283.SH,SH,zz1000
603288,603288.SH,SH,hs300
603290,603290.SH,SH,zz500
603296,603296.SH,SH,hs300
603297,603297.SH,SH,zz1000
603298,603298.SH,SH,zz500
603299,603299.SH,SH,zz1000
603300,603300.SH,SH,zz1000
603301,603301.SH,SH,zz1000
603305,603305.SH,SH,zz1000
603306,603306.SH,SH,zz1000
603308,603308.SH,SH,zz500
603317,603317.SH,SH,zz1000
603319,603319.SH,SH,zz1000
603323,603323.SH,SH,zz1000
603327,603327.SH,SH,zz1000
603328,603328.SH,SH,zz1000
603337,603337.SH,SH,zz1000
603338,603338.SH,SH,zz500
603341,603341.SH,SH,zz500
603345,603345.SH,SH,zz500
603355,603355.SH,SH,zz1000
603358,603358.SH,SH,zz1000
603360,603360.SH,SH,zz1000
603369,603369.SH,SH,hs300
603376,603376.SH,SH,zz1000
603379,603379.SH,SH,zz500
603392,603392.SH,SH,hs300
603393,603393.SH,SH,zz1000
603395,603395.SH,SH,zz1000
603402,603402.SH,SH,zz1000
603406,603406.SH,SH,zz1000
603418,603418.SH,SH,zz1000
603444,603444.SH,SH,zz500
603456,603456.SH,SH,zz1000
603477,603477.SH,SH,zz1000
603486,603486.SH,SH,zz500
603496,603496.SH,SH,zz1000
603501,603501.SH,SH,hs300
603505,603505.SH,SH,zz1000
603508,603508.SH,SH,zz1000
603516,603516.SH,SH,zz1000
603529,603529.SH,SH,zz500
603530,603530.SH,SH,zz1000
603533,603533.SH,SH,zz1000
603556,603556.SH,SH,zz1000
603565,603565.SH,SH,zz500
603567,603567.SH,SH,zz1000
603568,603568.SH,SH,zz500
603583,603583.SH,SH,zz1000
603588,603588.SH,SH,zz1000
603589,603589.SH,SH,zz500
603596,603596.SH,SH,zz500
603599,603599.SH,SH,zz1000
603605,603605.SH,SH,zz500
603606,603606.SH,SH,zz500
603612,603612.SH,SH,zz1000
603613,603613.SH,SH,zz1000
603619,603619.SH,SH,zz1000
603638,603638.SH,SH,zz1000
603650,603650.SH,SH,zz500
603658,603658.SH,SH,zz500
603659,603659.SH,SH,zz500
603662,603662.SH,SH,zz1000
603663,603663.SH,SH,zz1000
603667,603667.SH,SH,zz1000
603678,603678.SH,SH,zz1000
603688,603688.SH,SH,zz500
603690,603690.SH,SH,zz1000
603693,603693.SH,SH,zz1000
603698,603698.SH,SH,zz1000
603699,603699.SH,SH,zz500
603707,603707.SH,SH,zz1000
603713,603713.SH,SH,zz1000
603728,603728.SH,SH,zz500
603730,603730.SH,SH,zz1000
603733,603733.SH,SH,zz1000
603737,603737.SH,SH,zz500
603766,603766.SH,SH,zz500
603786,603786.SH,SH,zz500
603799,603799.SH,SH,hs300
603806,603806.SH,SH,zz500
603809,603809.SH,SH,zz1000
603816,603816.SH,SH,zz500
603826,603826.SH,SH,zz1000
603833,603833.SH,SH,zz500
603858,603858.SH,SH,zz500
603866,603866.SH,SH,zz1000
603871,603871.SH,SH,zz1000
603876,603876.SH,SH,zz1000
603881,603881.SH,SH,zz1000
603883,603883.SH,SH,zz1000
603885,603885.SH,SH,zz500
603887,603887.SH,SH,zz1000
603888,603888.SH,SH,zz1000
603893,603893.SH,SH,hs300
603899,603899.SH,SH,zz500
603915,603915.SH,SH,zz1000
603919,603919.SH,SH,zz1000
603920,603920.SH,SH,zz500
603927,603927.SH,SH,zz1000
603929,603929.SH,SH,zz1000
603939,603939.SH,SH,zz500
603950,603950.SH,SH,zz1000
603979,603979.SH,SH,zz500
603983,603983.SH,SH,zz1000
603986,603986.SH,SH,hs300
603992,603992.SH,SH,zz1000
603993,603993.SH,SH,hs300
603997,603997.SH,SH,zz1000
605011,605011.SH,SH,zz1000
605020,605020.SH,SH,zz1000
605090,605090.SH,SH,zz1000
605099,605099.SH,SH,zz1000
605111,605111.SH,SH,zz1000
605116,605116.SH,SH,zz1000
605117,605117.SH,SH,hs300
605118,605118.SH,SH,zz1000
605123,605123.SH,SH,zz1000
605196,605196.SH,SH,zz1000
605198,605198.SH,SH,zz1000
605296,605296.SH,SH,zz1000
605333,605333.SH,SH,zz1000
605358,605358.SH,SH,zz500
605376,605376.SH,SH,zz1000
605499,605499.SH,SH,hs300
605507,605507.SH,SH,zz1000
605555,605555.SH,SH,zz1000
605589,605589.SH,SH,zz500
605599,605599.SH,SH,zz1000
688001,688001.SH,SH,zz1000
688002,688002.SH,SH,zz500
688003,688003.SH,SH,zz1000
688005,688005.SH,SH,zz1000
688006,688006.SH,SH,zz1000
688008,688008.SH,SH,hs300
688009,688009.SH,SH,hs300
688012,688012.SH,SH,hs300
688016,688016.SH,SH,zz1000
688017,688017.SH,SH,zz500
688018,688018.SH,SH,zz500
688019,688019.SH,SH,zz500
688025,688025.SH,SH,zz1000
688027,688027.SH,SH,zz500
688029,688029.SH,SH,zz1000
688031,688031.SH,SH,zz1000
688032,688032.SH,SH,zz1000
688036,688036.SH,SH,hs300
688037,688037.SH,SH,zz500
688041,688041.SH,SH,hs300
688047,688047.SH,SH,hs300
688048,688048.SH,SH,zz1000
688050,688050.SH,SH,zz1000
688052,688052.SH,SH,zz500
688062,688062.SH,SH,zz1000
688063,688063.SH,SH,zz1000
688065,688065.SH,SH,zz500
688068,688068.SH,SH,zz1000
688072,688072.SH,SH,hs300
688082,688082.SH,SH,hs300
688083,688083.SH,SH,zz1000
688088,688088.SH,SH,zz1000
688091,688091.SH,SH,zz1000
688097,688097.SH,SH,zz1000
688099,688099.SH,SH,zz500
688100,688100.SH,SH,zz1000
688102,688102.SH,SH,zz1000
688106,688106.SH,SH,zz1000
688107,688107.SH,SH,zz1000
688110,688110.SH,SH,zz1000
688111,688111.SH,SH,hs300
688114,688114.SH,SH,zz500
688116,688116.SH,SH,zz1000
688120,688120.SH,SH,zz500
688122,688122.SH,SH,zz500
688123,688123.SH,SH,zz1000
688126,688126.SH,SH,hs300
688127,688127.SH,SH,zz1000
688128,688128.SH,SH,zz1000
688131,688131.SH,SH,zz1000
688139,688139.SH,SH,zz1000
688141,688141.SH,SH,zz1000
688146,688146.SH,SH,zz1000
688147,688147.SH,SH,zz1000
688150,688150.SH,SH,zz1000
688153,688153.SH,SH,zz1000
688158,688158.SH,SH,zz1000
688165,688165.SH,SH,zz1000
688166,688166.SH,SH,zz500
688167,688167.SH,SH,zz1000
688169,688169.SH,SH,zz500
688172,688172.SH,SH,zz500
688177,688177.SH,SH,zz1000
688180,688180.SH,SH,zz500
688182,688182.SH,SH,zz1000
688183,688183.SH,SH,hs300
688187,688187.SH,SH,zz500
688188,688188.SH,SH,zz500
688190,688190.SH,SH,zz1000
688192,688192.SH,SH,zz500
688195,688195.SH,SH,zz1000
688200,688200.SH,SH,zz500
688205,688205.SH,SH,zz1000
688206,688206.SH,SH,zz1000
688208,688208.SH,SH,zz1000
688213,688213.SH,SH,zz500
688220,688220.SH,SH,zz500
688223,688223.SH,SH,hs300
688232,688232.SH,SH,zz1000
688234,688234.SH,SH,zz500
688235,688235.SH,SH,zz500
688248,688248.SH,SH,zz500
688252,688252.SH,SH,zz1000
688256,688256.SH,SH,hs300
688262,688262.SH,SH,zz1000
688266,688266.SH,SH,zz500
688271,688271.SH,SH,hs300
688278,688278.SH,SH,zz500
688279,688279.SH,SH,zz1000
688281,688281.SH,SH,zz500
688289,688289.SH,SH,zz1000
688295,688295.SH,SH,zz500
688297,688297.SH,SH,zz500
688300,688300.SH,SH,zz1000
688301,688301.SH,SH,zz500
688303,688303.SH,SH,hs300
688306,688306.SH,SH,zz1000
688313,688313.SH,SH,zz500
688318,688318.SH,SH,zz500
688321,688321.SH,SH,zz1000
688322,688322.SH,SH,zz500
688326,688326.SH,SH,zz1000
688327,688327.SH,SH,zz1000
688331,688331.SH,SH,zz500
688332,688332.SH,SH,zz1000
688333,688333.SH,SH,zz1000
688336,688336.SH,SH,zz500
688343,688343.SH,SH,zz500
688347,688347.SH,SH,zz500
688349,688349.SH,SH,zz500
688351,688351.SH,SH,zz1000
688352,688352.SH,SH,zz1000
688353,688353.SH,SH,zz1000
688361,688361.SH,SH,zz500
688362,688362.SH,SH,zz1000
688363,688363.SH,SH,zz500
688368,688368.SH,SH,zz1000
688372,688372.SH,SH,zz1000
688375,688375.SH,SH,zz500
688380,688380.SH,SH,zz1000
688382,688382.SH,SH,zz1000
688385,688385.SH,SH,zz500
688387,688387.SH,SH,zz500
688388,688388.SH,SH,zz1000
688390,688390.SH,SH,zz1000
688392,688392.SH,SH,zz1000
688396,688396.SH,SH,hs300
688400,688400.SH,SH,zz1000
688403,688403.SH,SH,zz1000
688408,688408.SH,SH,zz1000
688409,688409.SH,SH,zz1000
688411,688411.SH,SH,zz500
688425,688425.SH,SH,zz500
688432,688432.SH,SH,zz1000
688433,688433.SH,SH,zz1000
688439,688439.SH,SH,zz1000
688443,688443.SH,SH,zz1000
688449,688449.SH,SH,zz1000
688469,688469.SH,SH,zz500
688472,688472.SH,SH,hs300
688475,688475.SH,SH,zz500
688484,688484.SH,SH,zz1000
688486,688486.SH,SH,zz1000
688498,688498.SH,SH,zz500
688502,688502.SH,SH,zz1000
688503,688503.SH,SH,zz1000
688506,688506.SH,SH,hs300
688515,688515.SH,SH,zz1000
688516,688516.SH,SH,zz1000
688519,688519.SH,SH,zz1000
688520,688520.SH,SH,zz500
688521,688521.SH,SH,hs300
688522,688522.SH,SH,zz1000
688523,688523.SH,SH,zz1000
688531,688531.SH,SH,zz1000
688536,688536.SH,SH,zz1000
688538,688538.SH,SH,zz500
688543,688543.SH,SH,zz1000
688545,688545.SH,SH,zz1000
688548,688548.SH,SH,zz1000
688549,688549.SH,SH,zz1000
688552,688552.SH,SH,zz1000
688559,688559.SH,SH,zz1000
688561,688561.SH,SH,zz500
688563,688563.SH,SH,zz500
688567,688567.SH,SH,zz1000
688568,688568.SH,SH,zz500
688578,688578.SH,SH,zz500
688582,688582.SH,SH,zz500
688584,688584.SH,SH,zz1000
688586,688586.SH,SH,zz1000
688591,688591.SH,SH,zz1000
688593,688593.SH,SH,zz1000
688596,688596.SH,SH,zz1000
688599,688599.SH,SH,zz500
688605,688605.SH,SH,zz1000
688608,688608.SH,SH,zz500
688612,688612.SH,SH,zz1000
688615,688615.SH,SH,zz500
688617,688617.SH,SH,zz500
688627,688627.SH,SH,zz1000
688629,688629.SH,SH,zz500
688630,688630.SH,SH,zz1000
688631,688631.SH,SH,zz1000
688639,688639.SH,SH,zz1000
688652,688652.SH,SH,zz1000
688658,688658.SH,SH,zz1000
688660,688660.SH,SH,zz1000
688668,688668.SH,SH,zz1000
688676,688676.SH,SH,zz500
688686,688686.SH,SH,zz1000
688690,688690.SH,SH,zz1000
688691,688691.SH,SH,zz1000
688692,688692.SH,SH,zz500
688698,688698.SH,SH,zz1000
688700,688700.SH,SH,zz1000
688702,688702.SH,SH,zz500
688708,688708.SH,SH,zz500
688709,688709.SH,SH,zz500
688717,688717.SH,SH,zz1000
688726,688726.SH,SH,zz1000
688728,688728.SH,SH,zz500
688766,688766.SH,SH,zz1000
688772,688772.SH,SH,zz500
688776,688776.SH,SH,zz1000
688777,688777.SH,SH,zz500
688778,688778.SH,SH,zz500
688779,688779.SH,SH,zz1000
688789,688789.SH,SH,zz1000
688798,688798.SH,SH,zz1000
688800,688800.SH,SH,zz1000
688819,688819.SH,SH,zz500
688981,688981.SH,SH,hs300
689009,689009.SH,SH,zz500
